indicator_name,indicator_id,iso,sub_nat_id,boundary,boundary_id,thresh,country,province,boundary_name,units,2000
AGB_density_WH_2000,2210,MYS,,admin,admin,30,Malaysia,,administrative boundary,Mg biomass/ha forest > 30% TCD,265.687987795446
AGB_density_WH_2000,2210,VAT,,admin,admin,30,Vatican City,,administrative boundary,Mg biomass/ha forest > 30% TCD,103.452239123887
AGB_density_WH_2000,2210,VCT,,admin,admin,30,Saint Vincent and the Grenadines,,administrative boundary,Mg biomass/ha forest > 30% TCD,209.309353099441
AGB_density_WH_2000,2210,HKG,,admin,admin,30,Hong Kong,,administrative boundary,Mg biomass/ha forest > 30% TCD,171.695137404491
AGB_density_WH_2000,2210,HRV,,admin,admin,30,Croatia,,administrative boundary,Mg biomass/ha forest > 30% TCD,151.783902992355
AGB_density_WH_2000,2210,HUN,,admin,admin,30,Hungary,,administrative boundary,Mg biomass/ha forest > 30% TCD,124.084002780494
AGB_density_WH_2000,2210,DEU,,admin,admin,30,Germany,,administrative boundary,Mg biomass/ha forest > 30% TCD,175.006025797684
AGB_density_WH_2000,2210,HTI,,admin,admin,30,Haiti,,administrative boundary,Mg biomass/ha forest > 30% TCD,135.118215713012
AGB_density_WH_2000,2210,NAM,,admin,admin,30,Namibia,,administrative boundary,Mg biomass/ha forest > 30% TCD,77.7016116260874
AGB_density_WH_2000,2210,NCL,,admin,admin,30,New Caledonia,,administrative boundary,Mg biomass/ha forest > 30% TCD,175.161645616194
AGB_density_WH_2000,2210,NER,,admin,admin,30,Niger,,administrative boundary,Mg biomass/ha forest > 30% TCD,77.9280975838019
AGB_density_WH_2000,2210,NPL,,admin,admin,30,Nepal,,administrative boundary,Mg biomass/ha forest > 30% TCD,264.477385576829
AGB_density_WH_2000,2210,MYT,,admin,admin,30,Mayotte,,administrative boundary,Mg biomass/ha forest > 30% TCD,202.162356412958
AGB_density_WH_2000,2210,NLD,,admin,admin,30,Netherlands,,administrative boundary,Mg biomass/ha forest > 30% TCD,135.355838551051
AGB_density_WH_2000,2210,HND,,admin,admin,30,Honduras,,administrative boundary,Mg biomass/ha forest > 30% TCD,162.826252872492
AGB_density_WH_2000,2210,NIC,,admin,admin,30,Nicaragua,,administrative boundary,Mg biomass/ha forest > 30% TCD,183.30054477105
AGB_density_WH_2000,2210,NZL,,admin,admin,30,New Zealand,,administrative boundary,Mg biomass/ha forest > 30% TCD,176.811065100158
AGB_density_WH_2000,2210,NGA,,admin,admin,30,Nigeria,,administrative boundary,Mg biomass/ha forest > 30% TCD,139.192331052861
AGB_density_WH_2000,2210,PHL,,admin,admin,30,Philippines,,administrative boundary,Mg biomass/ha forest > 30% TCD,222.746528427875
AGB_density_WH_2000,2210,PAK,,admin,admin,30,Pakistan,,administrative boundary,Mg biomass/ha forest > 30% TCD,173.438434778873
AGB_density_WH_2000,2210,PAN,,admin,admin,30,Panama,,administrative boundary,Mg biomass/ha forest > 30% TCD,220.913612013396
AGB_density_WH_2000,2210,OMN,,admin,admin,30,Oman,,administrative boundary,Mg biomass/ha forest > 30% TCD,87.1255615735749
AGB_density_WH_2000,2210,NOR,,admin,admin,30,Norway,,administrative boundary,Mg biomass/ha forest > 30% TCD,80.5553556240807
AGB_density_WH_2000,2210,PER,,admin,admin,30,Peru,,administrative boundary,Mg biomass/ha forest > 30% TCD,285.844603117173
AGB_density_WH_2000,2210,PSE,,admin,admin,30,Palestina,,administrative boundary,Mg biomass/ha forest > 30% TCD,93.5359935838932
AGB_density_WH_2000,2210,PRK,,admin,admin,30,North Korea,,administrative boundary,Mg biomass/ha forest > 30% TCD,102.92858140137
AGB_density_WH_2000,2210,PLW,,admin,admin,30,Palau,,administrative boundary,Mg biomass/ha forest > 30% TCD,287.050008281501
AGB_density_WH_2000,2210,PRT,,admin,admin,30,Portugal,,administrative boundary,Mg biomass/ha forest > 30% TCD,114.628775948962
AGB_density_WH_2000,2210,PNG,,admin,admin,30,Papua New Guinea,,administrative boundary,Mg biomass/ha forest > 30% TCD,316.052332775469
AGB_density_WH_2000,2210,PRY,,admin,admin,30,Paraguay,,administrative boundary,Mg biomass/ha forest > 30% TCD,76.1973737100279
AGB_density_WH_2000,2210,POL,,admin,admin,30,Poland,,administrative boundary,Mg biomass/ha forest > 30% TCD,120.432674601863
AGB_density_WH_2000,2210,PRI,,admin,admin,30,Puerto Rico,,administrative boundary,Mg biomass/ha forest > 30% TCD,186.699623896572
AGB_density_WH_2000,2210,SGP,,admin,admin,30,Singapore,,administrative boundary,Mg biomass/ha forest > 30% TCD,157.913634418292
AGB_density_WH_2000,2210,SEN,,admin,admin,30,Senegal,,administrative boundary,Mg biomass/ha forest > 30% TCD,103.139380456049
AGB_density_WH_2000,2210,SAU,,admin,admin,30,Saudi Arabia,,administrative boundary,Mg biomass/ha forest > 30% TCD,90.153545090886
AGB_density_WH_2000,2210,SDN,,admin,admin,30,Sudan,,administrative boundary,Mg biomass/ha forest > 30% TCD,105.068089363884
AGB_density_WH_2000,2210,SLV,,admin,admin,30,El Salvador,,administrative boundary,Mg biomass/ha forest > 30% TCD,158.107584486447
AGB_density_WH_2000,2210,SLE,,admin,admin,30,Sierra Leone,,administrative boundary,Mg biomass/ha forest > 30% TCD,125.222794337438
AGB_density_WH_2000,2210,SLB,,admin,admin,30,Solomon Islands,,administrative boundary,Mg biomass/ha forest > 30% TCD,256.235306867133
AGB_density_WH_2000,2210,SMR,,admin,admin,30,San Marino,,administrative boundary,Mg biomass/ha forest > 30% TCD,99.9737033508438
AGB_density_WH_2000,2210,TUR,,admin,admin,30,Turkey,,administrative boundary,Mg biomass/ha forest > 30% TCD,116.078812544102
AGB_density_WH_2000,2210,SRB,,admin,admin,30,Serbia,,administrative boundary,Mg biomass/ha forest > 30% TCD,159.160403887181
AGB_density_WH_2000,2210,SXM,,admin,admin,30,Sint Maarten,,administrative boundary,Mg biomass/ha forest > 30% TCD,118.04379123803
AGB_density_WH_2000,2210,TCA,,admin,admin,30,Turks and Caicos Islands,,administrative boundary,Mg biomass/ha forest > 30% TCD,59.2773957658561
AGB_density_WH_2000,2210,TCD,,admin,admin,30,Chad,,administrative boundary,Mg biomass/ha forest > 30% TCD,109.275331414606
AGB_density_WH_2000,2210,TGO,,admin,admin,30,Togo,,administrative boundary,Mg biomass/ha forest > 30% TCD,110.094677449197
AGB_density_WH_2000,2210,THA,,admin,admin,30,Thailand,,administrative boundary,Mg biomass/ha forest > 30% TCD,219.580905499611
AGB_density_WH_2000,2210,TKM,,admin,admin,30,Turkmenistan,,administrative boundary,Mg biomass/ha forest > 30% TCD,103.296115122306
AGB_density_WH_2000,2210,SPM,,admin,admin,30,Saint Pierre and Miquelon,,administrative boundary,Mg biomass/ha forest > 30% TCD,17.7235196710815
AGB_density_WH_2000,2210,STP,,admin,admin,30,Sao Tome and Principe,,administrative boundary,Mg biomass/ha forest > 30% TCD,249.042182077692
AGB_density_WH_2000,2210,SVK,,admin,admin,30,Slovakia,,administrative boundary,Mg biomass/ha forest > 30% TCD,164.847382295314
AGB_density_WH_2000,2210,SWZ,,admin,admin,30,Swaziland,,administrative boundary,Mg biomass/ha forest > 30% TCD,122.531224966948
AGB_density_WH_2000,2210,SYC,,admin,admin,30,Seychelles,,administrative boundary,Mg biomass/ha forest > 30% TCD,91.2373577281722
AGB_density_WH_2000,2210,TLS,,admin,admin,30,East Timor,,administrative boundary,Mg biomass/ha forest > 30% TCD,199.207729161926
AGB_density_WH_2000,2210,SSD,,admin,admin,30,South Sudan,,administrative boundary,Mg biomass/ha forest > 30% TCD,88.832033527517
AGB_density_WH_2000,2210,SVN,,admin,admin,30,Slovenia,,administrative boundary,Mg biomass/ha forest > 30% TCD,183.962409242283
AGB_density_WH_2000,2210,SYR,,admin,admin,30,Syria,,administrative boundary,Mg biomass/ha forest > 30% TCD,109.913860387737
AGB_density_WH_2000,2210,TJK,,admin,admin,30,Tajikistan,,administrative boundary,Mg biomass/ha forest > 30% TCD,104.323789389286
AGB_density_WH_2000,2210,TTO,,admin,admin,30,Trinidad and Tobago,,administrative boundary,Mg biomass/ha forest > 30% TCD,223.138433327638
AGB_density_WH_2000,2210,SOM,,admin,admin,30,Somalia,,administrative boundary,Mg biomass/ha forest > 30% TCD,59.653966624357
AGB_density_WH_2000,2210,TUN,,admin,admin,30,Tunisia,,administrative boundary,Mg biomass/ha forest > 30% TCD,118.788759569954
AGB_density_WH_2000,2210,SUR,,admin,admin,30,Suriname,,administrative boundary,Mg biomass/ha forest > 30% TCD,338.438888335568
AGB_density_WH_2000,2210,SWE,,admin,admin,30,Sweden,,administrative boundary,Mg biomass/ha forest > 30% TCD,67.9880813977308
AGB_density_WH_2000,2210,VEN,,admin,admin,30,Venezuela,,administrative boundary,Mg biomass/ha forest > 30% TCD,217.984895202392
AGB_density_WH_2000,2210,VGB,,admin,admin,30,British Virgin Islands,,administrative boundary,Mg biomass/ha forest > 30% TCD,157.712823259833
AGB_density_WH_2000,2210,VUT,,admin,admin,30,Vanuatu,,administrative boundary,Mg biomass/ha forest > 30% TCD,210.132951523024
AGB_density_WH_2000,2210,VIR,,admin,admin,30,"Virgin Islands, U.S.",,administrative boundary,Mg biomass/ha forest > 30% TCD,154.362618336322
AGB_density_WH_2000,2210,VNM,,admin,admin,30,Vietnam,,administrative boundary,Mg biomass/ha forest > 30% TCD,210.502639105262
AGB_density_WH_2000,2210,IDN,,admin,admin,30,Indonesia,,administrative boundary,Mg biomass/ha forest > 30% TCD,268.510689846835
AGB_density_WH_2000,2210,XAD,,admin,admin,30,Akrotiri and Dhekelia,,administrative boundary,Mg biomass/ha forest > 30% TCD,95.8002051343058
AGB_density_WH_2000,2210,XKO,,admin,admin,30,Kosovo,,administrative boundary,Mg biomass/ha forest > 30% TCD,163.002611684235
AGB_density_WH_2000,2210,XNC,,admin,admin,30,Northern Cyprus,,administrative boundary,Mg biomass/ha forest > 30% TCD,98.4031983004249
AGB_density_WH_2000,2210,ZAF,,admin,admin,30,South Africa,,administrative boundary,Mg biomass/ha forest > 30% TCD,143.557614704382
AGB_density_WH_2000,2210,XCA,,admin,admin,30,Caspian Sea,,administrative boundary,Mg biomass/ha forest > 30% TCD,96.9527450692819
AGB_density_WH_2000,2210,YEM,,admin,admin,30,Yemen,,administrative boundary,Mg biomass/ha forest > 30% TCD,80.9256265358449
AGB_density_WH_2000,2210,ZMB,,admin,admin,30,Zambia,,administrative boundary,Mg biomass/ha forest > 30% TCD,141.919830318751
AGB_density_WH_2000,2210,ZWE,,admin,admin,30,Zimbabwe,,administrative boundary,Mg biomass/ha forest > 30% TCD,107.364348139977
AGB_density_WH_2000,2210,REU,,admin,admin,30,Reunion,,administrative boundary,Mg biomass/ha forest > 30% TCD,196.825928160753
AGB_density_WH_2000,2210,TWN,,admin,admin,30,Taiwan,,administrative boundary,Mg biomass/ha forest > 30% TCD,244.73143596241
AGB_density_WH_2000,2210,IMN,,admin,admin,30,Isle of Man,,administrative boundary,Mg biomass/ha forest > 30% TCD,129.073417302954
AGB_density_WH_2000,2210,IRL,,admin,admin,30,Ireland,,administrative boundary,Mg biomass/ha forest > 30% TCD,154.498859436055
AGB_density_WH_2000,2210,IND,,admin,admin,30,India,,administrative boundary,Mg biomass/ha forest > 30% TCD,228.516013666568
AGB_density_WH_2000,2210,KEN,,admin,admin,30,Kenya,,administrative boundary,Mg biomass/ha forest > 30% TCD,141.141815931696
AGB_density_WH_2000,2210,ISR,,admin,admin,30,Israel,,administrative boundary,Mg biomass/ha forest > 30% TCD,94.0427539152325
AGB_density_WH_2000,2210,JPN,,admin,admin,30,Japan,,administrative boundary,Mg biomass/ha forest > 30% TCD,169.008313672621
AGB_density_WH_2000,2210,RWA,,admin,admin,30,Rwanda,,administrative boundary,Mg biomass/ha forest > 30% TCD,132.114951663468
AGB_density_WH_2000,2210,TZA,,admin,admin,30,Tanzania,,administrative boundary,Mg biomass/ha forest > 30% TCD,127.707675927776
AGB_density_WH_2000,2210,RUS,,admin,admin,30,Russia,,administrative boundary,Mg biomass/ha forest > 30% TCD,81.1703793384091
AGB_density_WH_2000,2210,JEY,,admin,admin,30,Jersey,,administrative boundary,Mg biomass/ha forest > 30% TCD,129.749663048207
AGB_density_WH_2000,2210,JOR,,admin,admin,30,Jordan,,administrative boundary,Mg biomass/ha forest > 30% TCD,91.2781069474351
AGB_density_WH_2000,2210,ITA,,admin,admin,30,Italy,,administrative boundary,Mg biomass/ha forest > 30% TCD,128.239724771776
AGB_density_WH_2000,2210,ROU,,admin,admin,30,Romania,,administrative boundary,Mg biomass/ha forest > 30% TCD,146.504097317549
AGB_density_WH_2000,2210,IRQ,,admin,admin,30,Iraq,,administrative boundary,Mg biomass/ha forest > 30% TCD,96.4262934151845
AGB_density_WH_2000,2210,IRN,,admin,admin,30,Iran,,administrative boundary,Mg biomass/ha forest > 30% TCD,105.005001753358
AGB_density_WH_2000,2210,JAM,,admin,admin,30,Jamaica,,administrative boundary,Mg biomass/ha forest > 30% TCD,196.526147152107
AGB_density_WH_2000,2210,KAZ,,admin,admin,30,Kazakhstan,,administrative boundary,Mg biomass/ha forest > 30% TCD,105.217153889678
AGB_density_WH_2000,2210,UGA,,admin,admin,30,Uganda,,administrative boundary,Mg biomass/ha forest > 30% TCD,99.0347120044749
AGB_density_WH_2000,2210,KGZ,,admin,admin,30,Kyrgyzstan,,administrative boundary,Mg biomass/ha forest > 30% TCD,105.433090184198
AGB_density_WH_2000,2210,KHM,,admin,admin,30,Cambodia,,administrative boundary,Mg biomass/ha forest > 30% TCD,223.670672211829
AGB_density_WH_2000,2210,KOR,,admin,admin,30,South Korea,,administrative boundary,Mg biomass/ha forest > 30% TCD,110.422517393869
AGB_density_WH_2000,2210,KNA,,admin,admin,30,Saint Kitts and Nevis,,administrative boundary,Mg biomass/ha forest > 30% TCD,190.544790703127
AGB_density_WH_2000,2210,URY,,admin,admin,30,Uruguay,,administrative boundary,Mg biomass/ha forest > 30% TCD,82.484839423513
AGB_density_WH_2000,2210,UKR,,admin,admin,30,Ukraine,,administrative boundary,Mg biomass/ha forest > 30% TCD,111.491439563166
AGB_density_WH_2000,2210,BES,,admin,admin,30,"Bonaire, Saint Eustatius and Saba",,administrative boundary,Mg biomass/ha forest > 30% TCD,130.509849179782
AGB_density_WH_2000,2210,AUT,,admin,admin,30,Austria,,administrative boundary,Mg biomass/ha forest > 30% TCD,177.412802453577
AGB_density_WH_2000,2210,AZE,,admin,admin,30,Azerbaijan,,administrative boundary,Mg biomass/ha forest > 30% TCD,115.543752635036
AGB_density_WH_2000,2210,ARG,,admin,admin,30,Argentina,,administrative boundary,Mg biomass/ha forest > 30% TCD,78.7443433669052
AGB_density_WH_2000,2210,BDI,,admin,admin,30,Burundi,,administrative boundary,Mg biomass/ha forest > 30% TCD,99.102296062526
AGB_density_WH_2000,2210,UZB,,admin,admin,30,Uzbekistan,,administrative boundary,Mg biomass/ha forest > 30% TCD,99.3803289283464
AGB_density_WH_2000,2210,ARM,,admin,admin,30,Armenia,,administrative boundary,Mg biomass/ha forest > 30% TCD,126.536930380847
AGB_density_WH_2000,2210,AUS,,admin,admin,30,Australia,,administrative boundary,Mg biomass/ha forest > 30% TCD,127.13479505151
AGB_density_WH_2000,2210,BEL,,admin,admin,30,Belgium,,administrative boundary,Mg biomass/ha forest > 30% TCD,187.128015810729
AGB_density_WH_2000,2210,BEN,,admin,admin,30,Benin,,administrative boundary,Mg biomass/ha forest > 30% TCD,122.052149073625
AGB_density_WH_2000,2210,USA,,admin,admin,30,United States,,administrative boundary,Mg biomass/ha forest > 30% TCD,131.31922182858
AGB_density_WH_2000,2210,AGO,,admin,admin,30,Angola,,administrative boundary,Mg biomass/ha forest > 30% TCD,110.871165893182
AGB_density_WH_2000,2210,AND,,admin,admin,30,Andorra,,administrative boundary,Mg biomass/ha forest > 30% TCD,174.275843285015
AGB_density_WH_2000,2210,ATG,,admin,admin,30,Antigua and Barbuda,,administrative boundary,Mg biomass/ha forest > 30% TCD,106.086912580686
AGB_density_WH_2000,2210,ABW,,admin,admin,30,Aruba,,administrative boundary,Mg biomass/ha forest > 30% TCD,89.6593986733681
AGB_density_WH_2000,2210,AFG,,admin,admin,30,Afghanistan,,administrative boundary,Mg biomass/ha forest > 30% TCD,128.310935494341
AGB_density_WH_2000,2210,AIA,,admin,admin,30,Anguilla,,administrative boundary,Mg biomass/ha forest > 30% TCD,70.8139358397584
AGB_density_WH_2000,2210,ALA,,admin,admin,30,Åland,,administrative boundary,Mg biomass/ha forest > 30% TCD,73.1185154932041
AGB_density_WH_2000,2210,ALB,,admin,admin,30,Albania,,administrative boundary,Mg biomass/ha forest > 30% TCD,134.387014480061
AGB_density_WH_2000,2210,BHS,,admin,admin,30,Bahamas,,administrative boundary,Mg biomass/ha forest > 30% TCD,69.5945785380986
AGB_density_WH_2000,2210,BFA,,admin,admin,30,Burkina Faso,,administrative boundary,Mg biomass/ha forest > 30% TCD,104.026412730617
AGB_density_WH_2000,2210,BGD,,admin,admin,30,Bangladesh,,administrative boundary,Mg biomass/ha forest > 30% TCD,178.151703130016
AGB_density_WH_2000,2210,BGR,,admin,admin,30,Bulgaria,,administrative boundary,Mg biomass/ha forest > 30% TCD,128.58266329426
AGB_density_WH_2000,2210,BRN,,admin,admin,30,Brunei,,administrative boundary,Mg biomass/ha forest > 30% TCD,319.512770141294
AGB_density_WH_2000,2210,BOL,,admin,admin,30,Bolivia,,administrative boundary,Mg biomass/ha forest > 30% TCD,178.973015892046
AGB_density_WH_2000,2210,BRB,,admin,admin,30,Barbados,,administrative boundary,Mg biomass/ha forest > 30% TCD,136.192596877866
AGB_density_WH_2000,2210,BLR,,admin,admin,30,Belarus,,administrative boundary,Mg biomass/ha forest > 30% TCD,101.655662236784
AGB_density_WH_2000,2210,BLZ,,admin,admin,30,Belize,,administrative boundary,Mg biomass/ha forest > 30% TCD,188.926146130415
AGB_density_WH_2000,2210,BRA,,admin,admin,30,Brazil,,administrative boundary,Mg biomass/ha forest > 30% TCD,227.907960111374
AGB_density_WH_2000,2210,BLM,,admin,admin,30,Saint-Barthélemy,,administrative boundary,Mg biomass/ha forest > 30% TCD,97.9307032040219
AGB_density_WH_2000,2210,BMU,,admin,admin,30,Bermuda,,administrative boundary,Mg biomass/ha forest > 30% TCD,103.332735899147
AGB_density_WH_2000,2210,BIH,,admin,admin,30,Bosnia and Herzegovina,,administrative boundary,Mg biomass/ha forest > 30% TCD,173.307580809241
AGB_density_WH_2000,2210,BWA,,admin,admin,30,Botswana,,administrative boundary,Mg biomass/ha forest > 30% TCD,61.6525617681603
AGB_density_WH_2000,2210,BTN,,admin,admin,30,Bhutan,,administrative boundary,Mg biomass/ha forest > 30% TCD,294.668797350754
AGB_density_WH_2000,2210,CAF,,admin,admin,30,Central African Republic,,administrative boundary,Mg biomass/ha forest > 30% TCD,143.820264902397
AGB_density_WH_2000,2210,CHE,,admin,admin,30,Switzerland,,administrative boundary,Mg biomass/ha forest > 30% TCD,174.64864377277
AGB_density_WH_2000,2210,CAN,,admin,admin,30,Canada,,administrative boundary,Mg biomass/ha forest > 30% TCD,67.2996479128163
AGB_density_WH_2000,2210,ERI,,admin,admin,30,Eritrea,,administrative boundary,Mg biomass/ha forest > 30% TCD,130.34000501968
AGB_density_WH_2000,2210,CHN,,admin,admin,30,China,,administrative boundary,Mg biomass/ha forest > 30% TCD,136.994907083746
AGB_density_WH_2000,2210,CIV,,admin,admin,30,Côte d'Ivoire,,administrative boundary,Mg biomass/ha forest > 30% TCD,126.666478090284
AGB_density_WH_2000,2210,COG,,admin,admin,30,Republic of Congo,,administrative boundary,Mg biomass/ha forest > 30% TCD,247.485615851033
AGB_density_WH_2000,2210,DZA,,admin,admin,30,Algeria,,administrative boundary,Mg biomass/ha forest > 30% TCD,112.741134251015
AGB_density_WH_2000,2210,COD,,admin,admin,30,Democratic Republic of the Congo,,administrative boundary,Mg biomass/ha forest > 30% TCD,215.81092904499
AGB_density_WH_2000,2210,COL,,admin,admin,30,Colombia,,administrative boundary,Mg biomass/ha forest > 30% TCD,238.598001680257
AGB_density_WH_2000,2210,CUB,,admin,admin,30,Cuba,,administrative boundary,Mg biomass/ha forest > 30% TCD,115.239271131019
AGB_density_WH_2000,2210,CUW,,admin,admin,30,Curaçao,,administrative boundary,Mg biomass/ha forest > 30% TCD,73.9718893845408
AGB_density_WH_2000,2210,DOM,,admin,admin,30,Dominican Republic,,administrative boundary,Mg biomass/ha forest > 30% TCD,143.926897327186
AGB_density_WH_2000,2210,ECU,,admin,admin,30,Ecuador,,administrative boundary,Mg biomass/ha forest > 30% TCD,244.052206834029
AGB_density_WH_2000,2210,CHL,,admin,admin,30,Chile,,administrative boundary,Mg biomass/ha forest > 30% TCD,125.154485055027
AGB_density_WH_2000,2210,CMR,,admin,admin,30,Cameroon,,administrative boundary,Mg biomass/ha forest > 30% TCD,232.600950572023
AGB_density_WH_2000,2210,COM,,admin,admin,30,Comoros,,administrative boundary,Mg biomass/ha forest > 30% TCD,199.942998738516
AGB_density_WH_2000,2210,CZE,,admin,admin,30,Czech Republic,,administrative boundary,Mg biomass/ha forest > 30% TCD,165.115763139794
AGB_density_WH_2000,2210,DJI,,admin,admin,30,Djibouti,,administrative boundary,Mg biomass/ha forest > 30% TCD,142.999999999798
AGB_density_WH_2000,2210,DMA,,admin,admin,30,Dominica,,administrative boundary,Mg biomass/ha forest > 30% TCD,236.026849768756
AGB_density_WH_2000,2210,DNK,,admin,admin,30,Denmark,,administrative boundary,Mg biomass/ha forest > 30% TCD,92.019724906008
AGB_density_WH_2000,2210,EGY,,admin,admin,30,Egypt,,administrative boundary,Mg biomass/ha forest > 30% TCD,77.6097706720633
AGB_density_WH_2000,2210,CRI,,admin,admin,30,Costa Rica,,administrative boundary,Mg biomass/ha forest > 30% TCD,198.354062110333
AGB_density_WH_2000,2210,CYM,,admin,admin,30,Cayman Islands,,administrative boundary,Mg biomass/ha forest > 30% TCD,95.8405832684115
AGB_density_WH_2000,2210,CYP,,admin,admin,30,Cyprus,,administrative boundary,Mg biomass/ha forest > 30% TCD,102.178530288961
AGB_density_WH_2000,2210,GEO,,admin,admin,30,Georgia,,administrative boundary,Mg biomass/ha forest > 30% TCD,163.493064193255
AGB_density_WH_2000,2210,FJI,,admin,admin,30,Fiji,,administrative boundary,Mg biomass/ha forest > 30% TCD,218.58753907291
AGB_density_WH_2000,2210,EST,,admin,admin,30,Estonia,,administrative boundary,Mg biomass/ha forest > 30% TCD,84.1392630792205
AGB_density_WH_2000,2210,ESP,,admin,admin,30,Spain,,administrative boundary,Mg biomass/ha forest > 30% TCD,136.300599554596
AGB_density_WH_2000,2210,GAB,,admin,admin,30,Gabon,,administrative boundary,Mg biomass/ha forest > 30% TCD,269.145830625478
AGB_density_WH_2000,2210,ETH,,admin,admin,30,Ethiopia,,administrative boundary,Mg biomass/ha forest > 30% TCD,150.250627524156
AGB_density_WH_2000,2210,FIN,,admin,admin,30,Finland,,administrative boundary,Mg biomass/ha forest > 30% TCD,60.8229192700831
AGB_density_WH_2000,2210,FLK,,admin,admin,30,Falkland Islands,,administrative boundary,Mg biomass/ha forest > 30% TCD,80.1642985024464
AGB_density_WH_2000,2210,FRA,,admin,admin,30,France,,administrative boundary,Mg biomass/ha forest > 30% TCD,176.00635350836
AGB_density_WH_2000,2210,GBR,,admin,admin,30,United Kingdom,,administrative boundary,Mg biomass/ha forest > 30% TCD,147.613866745259
AGB_density_WH_2000,2210,FSM,,admin,admin,30,Micronesia,,administrative boundary,Mg biomass/ha forest > 30% TCD,259.602624600507
AGB_density_WH_2000,2210,GNQ,,admin,admin,30,Equatorial Guinea,,administrative boundary,Mg biomass/ha forest > 30% TCD,273.215325942557
AGB_density_WH_2000,2210,GGY,,admin,admin,30,Guernsey,,administrative boundary,Mg biomass/ha forest > 30% TCD,124.50473294207
AGB_density_WH_2000,2210,GIB,,admin,admin,30,Gibraltar,,administrative boundary,Mg biomass/ha forest > 30% TCD,99.7916382331299
AGB_density_WH_2000,2210,GLP,,admin,admin,30,Guadeloupe,,administrative boundary,Mg biomass/ha forest > 30% TCD,194.96627352524
AGB_density_WH_2000,2210,GMB,,admin,admin,30,Gambia,,administrative boundary,Mg biomass/ha forest > 30% TCD,83.9074372970647
AGB_density_WH_2000,2210,GIN,,admin,admin,30,Guinea,,administrative boundary,Mg biomass/ha forest > 30% TCD,129.012487792015
AGB_density_WH_2000,2210,GHA,,admin,admin,30,Ghana,,administrative boundary,Mg biomass/ha forest > 30% TCD,137.625630360695
AGB_density_WH_2000,2210,GNB,,admin,admin,30,Guinea-Bissau,,administrative boundary,Mg biomass/ha forest > 30% TCD,116.881008043292
AGB_density_WH_2000,2210,LSO,,admin,admin,30,Lesotho,,administrative boundary,Mg biomass/ha forest > 30% TCD,97.390317230507
AGB_density_WH_2000,2210,GUY,,admin,admin,30,Guyana,,administrative boundary,Mg biomass/ha forest > 30% TCD,299.094452896704
AGB_density_WH_2000,2210,LIE,,admin,admin,30,Liechtenstein,,administrative boundary,Mg biomass/ha forest > 30% TCD,163.145667732296
AGB_density_WH_2000,2210,GTM,,admin,admin,30,Guatemala,,administrative boundary,Mg biomass/ha forest > 30% TCD,165.427776806548
AGB_density_WH_2000,2210,LBN,,admin,admin,30,Lebanon,,administrative boundary,Mg biomass/ha forest > 30% TCD,99.6532232804686
AGB_density_WH_2000,2210,LBR,,admin,admin,30,Liberia,,administrative boundary,Mg biomass/ha forest > 30% TCD,177.851052031491
AGB_density_WH_2000,2210,LBY,,admin,admin,30,Libya,,administrative boundary,Mg biomass/ha forest > 30% TCD,85.5346356674125
AGB_density_WH_2000,2210,LCA,,admin,admin,30,Saint Lucia,,administrative boundary,Mg biomass/ha forest > 30% TCD,210.087986894539
AGB_density_WH_2000,2210,GRC,,admin,admin,30,Greece,,administrative boundary,Mg biomass/ha forest > 30% TCD,107.658733033801
AGB_density_WH_2000,2210,GRD,,admin,admin,30,Grenada,,administrative boundary,Mg biomass/ha forest > 30% TCD,210.216919556177
AGB_density_WH_2000,2210,GUF,,admin,admin,30,French Guiana,,administrative boundary,Mg biomass/ha forest > 30% TCD,358.91220766078
AGB_density_WH_2000,2210,LAO,,admin,admin,30,Laos,,administrative boundary,Mg biomass/ha forest > 30% TCD,229.925345186445
AGB_density_WH_2000,2210,LKA,,admin,admin,30,Sri Lanka,,administrative boundary,Mg biomass/ha forest > 30% TCD,160.526859634037
AGB_density_WH_2000,2210,MAR,,admin,admin,30,Morocco,,administrative boundary,Mg biomass/ha forest > 30% TCD,117.789408980311
AGB_density_WH_2000,2210,LTU,,admin,admin,30,Lithuania,,administrative boundary,Mg biomass/ha forest > 30% TCD,101.39764925658
AGB_density_WH_2000,2210,MAC,,admin,admin,30,Macao,,administrative boundary,Mg biomass/ha forest > 30% TCD,0.63486352457569
AGB_density_WH_2000,2210,LUX,,admin,admin,30,Luxembourg,,administrative boundary,Mg biomass/ha forest > 30% TCD,205.9667513215
AGB_density_WH_2000,2210,LVA,,admin,admin,30,Latvia,,administrative boundary,Mg biomass/ha forest > 30% TCD,94.4740032026493
AGB_density_WH_2000,2210,MAF,,admin,admin,30,Saint-Martin,,administrative boundary,Mg biomass/ha forest > 30% TCD,132.031985710015
AGB_density_WH_2000,2210,MDA,,admin,admin,30,Moldova,,administrative boundary,Mg biomass/ha forest > 30% TCD,94.13480665284
AGB_density_WH_2000,2210,MCO,,admin,admin,30,Monaco,,administrative boundary,Mg biomass/ha forest > 30% TCD,81.4285880595454
AGB_density_WH_2000,2210,MDG,,admin,admin,30,Madagascar,,administrative boundary,Mg biomass/ha forest > 30% TCD,173.148867009364
AGB_density_WH_2000,2210,MSR,,admin,admin,30,Montserrat,,administrative boundary,Mg biomass/ha forest > 30% TCD,194.402299568296
AGB_density_WH_2000,2210,MOZ,,admin,admin,30,Mozambique,,administrative boundary,Mg biomass/ha forest > 30% TCD,127.059705770391
AGB_density_WH_2000,2210,MNG,,admin,admin,30,Mongolia,,administrative boundary,Mg biomass/ha forest > 30% TCD,83.3583815861604
AGB_density_WH_2000,2210,MDV,,admin,admin,30,Maldives,,administrative boundary,Mg biomass/ha forest > 30% TCD,30.7317368754574
AGB_density_WH_2000,2210,MLI,,admin,admin,30,Mali,,administrative boundary,Mg biomass/ha forest > 30% TCD,120.194504219568
AGB_density_WH_2000,2210,MNE,,admin,admin,30,Montenegro,,administrative boundary,Mg biomass/ha forest > 30% TCD,168.970691731974
AGB_density_WH_2000,2210,MEX,,admin,admin,30,Mexico,,administrative boundary,Mg biomass/ha forest > 30% TCD,118.023603595938
AGB_density_WH_2000,2210,MKD,,admin,admin,30,Macedonia,,administrative boundary,Mg biomass/ha forest > 30% TCD,138.976499478326
AGB_density_WH_2000,2210,MLT,,admin,admin,30,Malta,,administrative boundary,Mg biomass/ha forest > 30% TCD,102.202083660709
AGB_density_WH_2000,2210,MMR,,admin,admin,30,Myanmar,,administrative boundary,Mg biomass/ha forest > 30% TCD,243.369581129228
AGB_density_WH_2000,2210,MRT,,admin,admin,30,Mauritania,,administrative boundary,Mg biomass/ha forest > 30% TCD,108.771427986342
AGB_density_WH_2000,2210,MTQ,,admin,admin,30,Martinique,,administrative boundary,Mg biomass/ha forest > 30% TCD,200.796021626275
AGB_density_WH_2000,2210,MUS,,admin,admin,30,Mauritius,,administrative boundary,Mg biomass/ha forest > 30% TCD,188.281172575633
AGB_density_WH_2000,2210,MWI,,admin,admin,30,Malawi,,administrative boundary,Mg biomass/ha forest > 30% TCD,131.247694234304
